{
  "point_estimate": 0.06611866256929962,
  "sample_size": 60744,
  "standard_error": 0.00733648305288303
}