{
  "point_estimate": 0.3546212083594493,
  "sample_size": 40714,
  "standard_error": 0.002052398814076743
}