{
  "point_estimate": -0.010146510642900286,
  "sample_size": 446209,
  "standard_error": 0.001255838522716806
}