{
  "point_estimate": 0.02492043850260802,
  "sample_size": 217186,
  "standard_error": 0.012502001929532599
}