{
  "point_estimate": -0.054987038141392705,
  "sample_size": 236025,
  "standard_error": 0.002322295521297427
}