{
  "point_estimate": 0.03317087701055523,
  "sample_size": 103096,
  "standard_error": 0.005919846629570889
}