{
  "point_estimate": 22010848323.624416,
  "sample_size": 42342,
  "standard_error": 41382621743.08866
}