{
  "point_estimate": 0.011012824930707942,
  "sample_size": 410746,
  "standard_error": 0.002734475791749539
}