{
  "point_estimate": 0.01735941830865103,
  "sample_size": 355188,
  "standard_error": 0.0035699097873696274
}