{
  "point_estimate": 0.091618,
  "sample_size": 85704,
  "standard_error": 0.007069
}