{
  "point_estimate": 0.22189053548708554,
  "sample_size": 119033,
  "standard_error": 0.006706277005748963
}