{
  "point_estimate": 0.052783152655627025,
  "sample_size": 23553,
  "standard_error": 0.010110724462504453
}