{
  "point_estimate": 0.25793480832702403,
  "sample_size": 126401,
  "standard_error": 0.007383586194892576
}