{
  "point_estimate": 0.019862368501427124,
  "sample_size": 335213,
  "standard_error": 0.0050300325152337535
}