{
  "point_estimate": -0.07176251764400454,
  "sample_size": 158161,
  "standard_error": 0.003931458476337961
}