{
  "point_estimate": 0.14274627828053046,
  "sample_size": 275061,
  "standard_error": 0.00446741407206891
}