{
  "point_estimate": 0.2195157325838002,
  "sample_size": 33851424,
  "standard_error": 0.0004787904776384762
}