{
  "point_estimate": 0.059259203208240956,
  "sample_size": 341332,
  "standard_error": 0.0036078115875248034
}