{
  "point_estimate": -0.00835229342185276,
  "sample_size": 331450,
  "standard_error": 0.0015027769537020272
}