{
  "point_estimate": -0.06362399940012704,
  "sample_size": 85751,
  "standard_error": 0.01035751572553357
}