{
  "point_estimate": -0.0469344388560538,
  "sample_size": 430024,
  "standard_error": 0.003003170593141122
}