{
  "point_estimate": 0.017686922703289955,
  "sample_size": 470312,
  "standard_error": 0.004349500204454641
}