{
  "point_estimate": 0.05949635320301191,
  "sample_size": 278942,
  "standard_error": 0.007465758490716576
}