{
  "point_estimate": 0.260862939275594,
  "sample_size": 128332,
  "standard_error": 0.007029680379933125
}