{
  "point_estimate": 0.06242885405329511,
  "sample_size": 41339,
  "standard_error": 0.009692099243831782
}