{
  "point_estimate": 0.021569081824853557,
  "sample_size": 231490,
  "standard_error": 0.005511674106045784
}