{
  "point_estimate": -0.003099,
  "sample_size": 73394,
  "standard_error": 0.010395
}