{
  "point_estimate": 0.033761517064337526,
  "sample_size": 54470,
  "standard_error": 0.007898550263790152
}