{
  "point_estimate": -0.03934753402567512,
  "sample_size": 212030,
  "standard_error": 0.0008297087180034251
}