{
  "point_estimate": 0.0043037289604798915,
  "sample_size": 227320,
  "standard_error": 0.0052322825788340445
}