{
  "point_estimate": 0.021283821084187436,
  "sample_size": 517669,
  "standard_error": 0.002013763545306605
}