{
  "point_estimate": -0.042150739659511965,
  "sample_size": 36208,
  "standard_error": 0.01121037571697394
}