{
  "point_estimate": 0.16411835430903632,
  "sample_size": 331076,
  "standard_error": 0.005376023688922191
}