{
  "point_estimate": 0.12607918271550791,
  "sample_size": 165079,
  "standard_error": 0.004930219454920082
}