{
  "point_estimate": 0.032689203695542506,
  "sample_size": 230678,
  "standard_error": 0.0033755598670913403
}