{
  "point_estimate": 0.02998457217867058,
  "sample_size": 140579,
  "standard_error": 0.004055896115259831
}