{
  "point_estimate": 0.03584779937631521,
  "sample_size": 148196,
  "standard_error": 0.004646516537302628
}