{
  "point_estimate": 0.0718926796365386,
  "sample_size": 248270,
  "standard_error": 0.004562764433744891
}