{
  "point_estimate": 0.021004121085852586,
  "sample_size": 211555,
  "standard_error": 0.005763866464098274
}