{
  "point_estimate": 0.0628893644695199,
  "sample_size": 45877,
  "standard_error": 0.010113916845372564
}