{
  "point_estimate": 0.15175019651266283,
  "sample_size": 95189,
  "standard_error": 0.010237048337498571
}