{
  "point_estimate": 0.07757101641463882,
  "sample_size": 132497,
  "standard_error": 0.006771498544328642
}