{
  "point_estimate": 0.05818864273916822,
  "sample_size": 73237,
  "standard_error": 0.0035146064366789282
}