{
  "point_estimate": 0.036025799414440535,
  "sample_size": 148196,
  "standard_error": 0.004447959597166892
}