{
  "point_estimate": 0.013234943599701152,
  "sample_size": 320070,
  "standard_error": 0.004988900580264311
}