{
  "point_estimate": 0.06396545073652495,
  "sample_size": 47825,
  "standard_error": 0.011768924859723544
}