{
  "point_estimate": 0.07064964922289058,
  "sample_size": 103096,
  "standard_error": 0.005305922686553918
}