{
  "point_estimate": 0.011877684442097643,
  "sample_size": 234414,
  "standard_error": 0.004073914537018758
}