{
  "point_estimate": 0.012706379658385973,
  "sample_size": 316984,
  "standard_error": 0.004956559853364779
}