{
  "point_estimate": 0.03320593397902948,
  "sample_size": 438473,
  "standard_error": 0.004848589183224734
}