{
  "point_estimate": -0.052422245141848685,
  "sample_size": 104257,
  "standard_error": 0.006702907273947474
}