{
  "point_estimate": -0.14816068226793036,
  "sample_size": 89898,
  "standard_error": 0.013891633758996469
}