{
  "point_estimate": 0.20976533324809754,
  "sample_size": 163605,
  "standard_error": 0.008641134457278753
}