{
  "point_estimate": 0.2475174286020254,
  "sample_size": 322914,
  "standard_error": 0.006944847657221225
}