{
  "point_estimate": -0.0536610269152618,
  "sample_size": 106035,
  "standard_error": 0.008811732256034488
}