{
  "point_estimate": 0.17582937428505943,
  "sample_size": 241791,
  "standard_error": 0.002017576173382674
}