{
  "point_estimate": 0.07670176450707417,
  "sample_size": 636722,
  "standard_error": 0.0002574412615481898
}