{
  "point_estimate": 0.014577901970601163,
  "sample_size": 339434,
  "standard_error": 0.0060621389246900675
}