{
  "point_estimate": 0.004532901314063001,
  "sample_size": 80043,
  "standard_error": 0.0039005668071043515
}