{
  "point_estimate": -0.008579215487996046,
  "sample_size": 74276,
  "standard_error": 0.009741722152843866
}