{
  "point_estimate": 0.011829645393335616,
  "sample_size": 606977,
  "standard_error": 0.0012008866034794858
}