{
  "point_estimate": -0.01699139644328387,
  "sample_size": 222689,
  "standard_error": 0.00019111316333813932
}