{
  "point_estimate": 0.08935151327170156,
  "sample_size": 256423,
  "standard_error": 0.0051586807934011596
}