{
  "point_estimate": 0.17397,
  "sample_size": 81895,
  "standard_error": 0.007718
}