{
  "point_estimate": 0.08766437048841516,
  "sample_size": 1764,
  "standard_error": 0.08755314756489443
}