{
  "point_estimate": 0.015905994582088204,
  "sample_size": 117135,
  "standard_error": 0.009268691813082352
}