{
  "point_estimate": 0.03308447299692873,
  "sample_size": 134802,
  "standard_error": 0.005429626175488886
}