{
  "point_estimate": -0.014241408904061613,
  "sample_size": 22460,
  "standard_error": 0.006169558664301443
}