{
  "point_estimate": -0.008544064225904112,
  "sample_size": 89930,
  "standard_error": 0.008788805422873991
}