{
  "point_estimate": 0.028097470974643813,
  "sample_size": 214931,
  "standard_error": 0.009955942512540646
}