{
  "point_estimate": 0.01729551659912109,
  "sample_size": 355188,
  "standard_error": 0.0036612503716468917
}