{
  "point_estimate": -0.027074115291930725,
  "sample_size": 126214,
  "standard_error": 0.004333066901561509
}