{
  "point_estimate": 0.018630841487353146,
  "sample_size": 262473,
  "standard_error": 0.005894855159566657
}