{
  "point_estimate": 0.048135439602560934,
  "sample_size": 14102,
  "standard_error": 0.02067612220710568
}