{
  "point_estimate": -0.12219181321819644,
  "sample_size": 55783,
  "standard_error": 0.004533616060068773
}