{
  "point_estimate": -0.05210492556925343,
  "sample_size": 107625,
  "standard_error": 0.008346692266399666
}