{
  "point_estimate": -0.016157,
  "sample_size": 95803,
  "standard_error": 0.006738
}