{
  "point_estimate": 0.010927881329490016,
  "sample_size": 101471,
  "standard_error": 0.0102470199985398
}