{
  "point_estimate": 0.014757202834838147,
  "sample_size": 331744,
  "standard_error": 0.0035052523600924354
}