{
  "point_estimate": 0.14906549033627584,
  "sample_size": 103755,
  "standard_error": 0.00581884371361225
}