{
  "point_estimate": 0.0585583049912079,
  "sample_size": 48323,
  "standard_error": 0.007566657342752804
}