{
  "point_estimate": 0.04341687092979362,
  "sample_size": 88831,
  "standard_error": 0.002087004413613134
}