{
  "point_estimate": 0.007354877809398521,
  "sample_size": 267229,
  "standard_error": 0.004020757991096047
}