{
  "point_estimate": 0.03260835396989725,
  "sample_size": 41726,
  "standard_error": 0.008597317417616983
}