{
  "point_estimate": 0.1288580520949078,
  "sample_size": 69506,
  "standard_error": 0.012359896623237753
}