{
  "point_estimate": -0.0854984087198829,
  "sample_size": 86821,
  "standard_error": 0.0042167155528255035
}