{
  "point_estimate": -0.05110843705213721,
  "sample_size": 107625,
  "standard_error": 0.00824610233990784
}