{
  "point_estimate": -0.10870201278192654,
  "sample_size": 241661,
  "standard_error": 0.0019448431296886003
}