{
  "point_estimate": 0.09818421779598914,
  "sample_size": 56773,
  "standard_error": 0.011784831527113498
}