{
  "point_estimate": 0.08815563393086309,
  "sample_size": 18066,
  "standard_error": 0.026291686704219892
}