{
  "point_estimate": -0.01860657886294632,
  "sample_size": 226063,
  "standard_error": 0.004979417895580122
}