{
  "point_estimate": 0.23782964328403028,
  "sample_size": 112109,
  "standard_error": 0.009495146091324114
}