{
  "point_estimate": 0.09020621099300258,
  "sample_size": 44926,
  "standard_error": 0.014702275669838302
}