{
  "point_estimate": -0.061862923768863265,
  "sample_size": 215228,
  "standard_error": 0.005674098628434979
}