{
  "point_estimate": 0.20285361808433505,
  "sample_size": 167825,
  "standard_error": 0.008066067776884333
}