{
  "point_estimate": 0.06432703199726271,
  "sample_size": 2318,
  "standard_error": 0.03782998088234187
}