{
  "point_estimate": 0.07884372378876348,
  "sample_size": 241791,
  "standard_error": 0.00271860113831863
}