{
  "point_estimate": 1.3869957887631097,
  "sample_size": 294524,
  "standard_error": 0.017586959412612294
}