{
  "point_estimate": 0.029508374582337113,
  "sample_size": 355188,
  "standard_error": 0.005795272069462961
}