{
  "point_estimate": 0.16714,
  "sample_size": 68854,
  "standard_error": 0.009422
}