{
  "point_estimate": 0.009135323668069628,
  "sample_size": 82777,
  "standard_error": 0.0048759867755079084
}