{
  "point_estimate": 0.015906933136207807,
  "sample_size": 245387,
  "standard_error": 0.007592740402825184
}