{
  "point_estimate": 0.119296,
  "sample_size": 77416,
  "standard_error": 0.00927
}