{
  "point_estimate": 0.07747288464964924,
  "sample_size": 636722,
  "standard_error": 0.003720176650563338
}