{
  "point_estimate": 0.23512263197294925,
  "sample_size": 141045,
  "standard_error": 0.00990614594556483
}