{
  "point_estimate": 0.22931406998283546,
  "sample_size": 256605,
  "standard_error": 0.009842858098539898
}