{
  "point_estimate": 0.007319844413572099,
  "sample_size": 59540,
  "standard_error": 0.0003115344386193881
}