{
  "point_estimate": -0.012017869341142134,
  "sample_size": 213475,
  "standard_error": 0.0023777626340285006
}