{
  "point_estimate": 0.03959092831115148,
  "sample_size": 15399,
  "standard_error": 0.016737084598991613
}