{
  "point_estimate": 0.017205113400463604,
  "sample_size": 86259,
  "standard_error": 0.005205545284337942
}