{
  "point_estimate": 0.018110669150720907,
  "sample_size": 227320,
  "standard_error": 0.0055593607238386975
}