{
  "point_estimate": 0.026684746118484037,
  "sample_size": 374548,
  "standard_error": 0.00552120686040662
}