{
  "point_estimate": -0.07795699672478376,
  "sample_size": 57840,
  "standard_error": 0.0022562252229229095
}