{
  "point_estimate": 0.03885365644595781,
  "sample_size": 361444,
  "standard_error": 0.006347978644690632
}