{
  "point_estimate": -0.05161018060729148,
  "sample_size": 178604,
  "standard_error": 0.0023948781327263725
}