{
  "point_estimate": 0.22740211759094042,
  "sample_size": 84626,
  "standard_error": 0.006732337137412741
}