{
  "point_estimate": 0.257934808327024,
  "sample_size": 126401,
  "standard_error": 0.007383586194892732
}