{
  "point_estimate": -0.020789023510758065,
  "sample_size": 145132,
  "standard_error": 0.0011371973972839297
}