{
  "point_estimate": 0.04614915946986122,
  "sample_size": 234,
  "standard_error": 0.035875510199066846
}