{
  "point_estimate": -0.04018077409454832,
  "sample_size": 100554,
  "standard_error": 0.015043004123370845
}