{
  "point_estimate": 0.17984863812368654,
  "sample_size": 235741,
  "standard_error": 0.004242450842024854
}