{
  "point_estimate": 0.237208,
  "sample_size": 108757,
  "standard_error": 0.011167
}