{
    "point_estimate": 0.23923004563768246, 
    "standard_error": 0.00814308397722715, 
    "sample_size": 250966
}