{
  "point_estimate": 0.01635952980181424,
  "sample_size": 80043,
  "standard_error": 0.005125075963695704
}