{
  "point_estimate": 0.011010961500772538,
  "sample_size": 299359,
  "standard_error": 0.005215869758735431
}