{
  "point_estimate": 0.02078135618340133,
  "sample_size": 29033,
  "standard_error": 0.00909714861820876
}