{
  "point_estimate": 0.06333013863448371,
  "sample_size": 44161,
  "standard_error": 0.014169075995869302
}