{
  "point_estimate": 0.23968491675015555,
  "sample_size": 139950,
  "standard_error": 0.004042406476337374
}