{
  "point_estimate": 0.129994,
  "sample_size": 79835,
  "standard_error": 0.009724
}