{
  "point_estimate": 0.03579494575100709,
  "sample_size": 148848,
  "standard_error": 0.004692537000711929
}