{
  "point_estimate": 0.10684882546520436,
  "sample_size": 47238,
  "standard_error": 0.009392655811067907
}