{
  "point_estimate": -0.006311380867504423,
  "sample_size": 112355,
  "standard_error": 0.005826388555282934
}