{
  "point_estimate": 0.095673,
  "sample_size": 50772,
  "standard_error": 0.009595
}