{
  "point_estimate": 0.1937517787450165,
  "sample_size": 174179,
  "standard_error": 0.011542968711284792
}