{
  "point_estimate": 0.24286058825579465,
  "sample_size": 128841,
  "standard_error": 0.0075862248037583905
}