{
  "point_estimate": 0.03546314122315262,
  "sample_size": 29108,
  "standard_error": 0.011358907741362383
}