{
  "point_estimate": 0.12174890223223953,
  "sample_size": 68245,
  "standard_error": 0.014622473256248394
}