{
  "point_estimate": 0.03590832266695694,
  "sample_size": 148196,
  "standard_error": 0.0035652652386767526
}