{
  "point_estimate": 0.160167,
  "sample_size": 72768,
  "standard_error": 0.00784
}