{
  "point_estimate": -0.009132623764811212,
  "sample_size": 71315,
  "standard_error": 0.01043995848900792
}