{
  "point_estimate": 0.013096854328319574,
  "sample_size": 389763,
  "standard_error": 0.005484282863649207
}