{
  "point_estimate": 0.07514445949442884,
  "sample_size": 143235,
  "standard_error": 0.00515507744084475
}