{
  "point_estimate": 0.1627012342830424,
  "sample_size": 113871,
  "standard_error": 0.01311437930136447
}