{
  "point_estimate": 0.009966685452477052,
  "sample_size": 271638,
  "standard_error": 0.004845087869094257
}