{
  "point_estimate": -0.0035113133192604955,
  "sample_size": 214462,
  "standard_error": 0.0022967524249727484
}