{
  "point_estimate": 0.010429,
  "sample_size": 75667,
  "standard_error": 0.005386
}