{
  "point_estimate": 0.05274082964535747,
  "sample_size": 468301,
  "standard_error": 0.006301761541722829
}