{
  "point_estimate": -0.07290198507936956,
  "sample_size": 107888,
  "standard_error": 0.005603172748655291
}