{
  "point_estimate": 0.03406282223601546,
  "sample_size": 151533,
  "standard_error": 0.004640778920323982
}