{
  "point_estimate": 0.03096115294056879,
  "sample_size": 12101,
  "standard_error": 0.02125883053374096
}