{
  "point_estimate": 0.08763613382979993,
  "sample_size": 269817,
  "standard_error": 0.004743035077413202
}