{
  "point_estimate": 0.02538212793165524,
  "sample_size": 248270,
  "standard_error": 0.004294501604812509
}