{
  "point_estimate": 0.06015202018376001,
  "sample_size": 52701,
  "standard_error": 0.007371747346059308
}