{
  "point_estimate": 0.09450958749032058,
  "sample_size": 136415,
  "standard_error": 0.004748044552583265
}