{
  "point_estimate": -0.065891,
  "sample_size": 61139,
  "standard_error": 0.010468
}