{
  "point_estimate": 0.035463,
  "sample_size": 29108,
  "standard_error": 0.011359
}