{
  "point_estimate": 0.21259765044394643,
  "sample_size": 104181,
  "standard_error": 0.010043234624852005
}