{
  "point_estimate": 0.015736384333702592,
  "sample_size": 335346,
  "standard_error": 0.004505925774821578
}