{
  "point_estimate": 0.013632669980418935,
  "sample_size": 361040,
  "standard_error": 0.006122237277230921
}