{
  "point_estimate": 0.0191519323610972,
  "sample_size": 241791,
  "standard_error": 0.002778719280944373
}