{
  "point_estimate": -0.0005563718653460974,
  "sample_size": 82264,
  "standard_error": 0.0007208301376864239
}