{
  "point_estimate": 0.18212466347940093,
  "sample_size": 197776,
  "standard_error": 0.00393621622855661
}