{
  "point_estimate": -0.021895,
  "sample_size": 72619,
  "standard_error": 0.008672
}