{
  "point_estimate": 0.11522841395439677,
  "sample_size": 43079,
  "standard_error": 0.005706779348179955
}