{
  "point_estimate": 0.22096190354964784,
  "sample_size": 125096,
  "standard_error": 0.006101837050656365
}