{
  "point_estimate": 0.127783,
  "sample_size": 72950,
  "standard_error": 0.009558
}