{
  "point_estimate": 0.03384621902083382,
  "sample_size": 237034,
  "standard_error": 0.0074937311519819175
}