{
  "point_estimate": 0.0005958993976723257,
  "sample_size": 253361,
  "standard_error": 0.00032585981082743483
}