{
  "point_estimate": 0.09542523080182992,
  "sample_size": 43987,
  "standard_error": 0.013273295176603347
}