{
  "point_estimate": 0.03407854802778684,
  "sample_size": 236709,
  "standard_error": 0.0057356485179782
}