{
  "point_estimate": 0.2601907310462712,
  "sample_size": 38279,
  "standard_error": 0.013145791699978211
}