{
    "point_estimate": 0.0412869996766152, 
    "standard_error": 0.011475018985439473, 
    "sample_size": 29108
}
