{
  "point_estimate": 0.040556,
  "sample_size": 29479,
  "standard_error": 0.019881
}