{
  "point_estimate": 0.029601669807487515,
  "sample_size": 349728,
  "standard_error": 0.006218547830244251
}