{
  "point_estimate": 0.09080062328113962,
  "sample_size": 273485,
  "standard_error": 0.006243736487745335
}