{
  "point_estimate": 0.09113228530672852,
  "sample_size": 355188,
  "standard_error": 0.004536973884583459
}