{
  "point_estimate": 0.048104158520453806,
  "sample_size": 149598,
  "standard_error": 0.004025151873225012
}