{
  "point_estimate": 0.139815,
  "sample_size": 70703,
  "standard_error": 0.011753
}