{
  "point_estimate": 0.02091918687144806,
  "sample_size": 293402,
  "standard_error": 0.005973485141451954
}