{
  "point_estimate": 0.008834251511858593,
  "sample_size": 355188,
  "standard_error": 0.004260556201416403
}