{
  "point_estimate": -0.07740591546924054,
  "sample_size": 43016,
  "standard_error": 0.01265284833955195
}