{
  "point_estimate": 0.056448995965387785,
  "sample_size": 145524,
  "standard_error": 0.00628208414483713
}