{
  "point_estimate": 0.10066991514432029,
  "sample_size": 54770,
  "standard_error": 0.008789983964032756
}