{
  "point_estimate": 0.1818221612867454,
  "sample_size": 180210,
  "standard_error": 0.005776295900187612
}