{
  "point_estimate": 0.06717640203601086,
  "sample_size": 80126,
  "standard_error": 0.003551141612110543
}