{
  "point_estimate": 0.17135673825601744,
  "sample_size": 269817,
  "standard_error": 0.004170433457152756
}