{
  "point_estimate": 0.05133745054166397,
  "sample_size": 413472,
  "standard_error": 0.0069932803814574266
}