{
  "point_estimate": 0.05465261107020429,
  "sample_size": 24927,
  "standard_error": 0.018712193741194615
}