{
  "point_estimate": 0.011792602412881036,
  "sample_size": 111754,
  "standard_error": 0.004980393265292253
}