{
  "point_estimate": 0.015408264314825356,
  "sample_size": 112933,
  "standard_error": 0.011545186735571124
}